{"classifier__tol": 0.00046415888336127773, "classifier__max_iter": 140, "classifier__l1_ratio": 0.15789473684210525, "classifier__C": 22}